タグ	使用頻度	略語	英文	和訳	説明	具体例
挨拶,定型表現	3	30	I have no more to send	これ以上なし	メッセージなし終了。	トラフィック終了「NM 30 AR」でこれ以上送信なし。
挨拶,定型表現	1	33	Fondest Regards	親愛の挨拶	親愛の挨拶。	YL間で「TNX QSO 33 73」で友情の挨拶。
挨拶,定型表現	1	44	Flora and Fauna	動植物	動植物。	「44 WX」で天気動植物。
挨拶,定型表現	1	55	Best Success	成功を祈る	成功祈る。	「55 GL」で成功。
挨拶,定型表現	2	72	Best Regards	よろしく(QRP用)	QRP用よろしく。	QRP運用「72 DE K4SWL」で5W以下を示す。
挨拶,定型表現	4	73	Best regards	よろしく/さようなら	交信の締めで使う定番の挨拶。単数形として扱う。	交信終了時に「TNX QSO 73」と送る。
挨拶,定型表現	4	88	Love and kisses	愛を込めて	親しい相手に使う愛情表現。通常の交信では相手や文脈を選ぶ。	親しい相手への締めに「73 88」と送る。
挨拶,定型表現	1	99	Best wishes	成功を祈る(主にコンテスト)	コンテストの励まし。	コンテスト「99 GL IN CONTEST」で幸運を祈る。
挨拶,定型表現	1	161	Best regards to you and your XYL	家族によろしく	家族によろしく。	「161 XYL」で妻に。
挨拶,定型表現,プロサイン	3	[?]	Question Mark / I repeat	疑問/繰り返し	疑問や繰り返し。	「? AGN」で繰り返し。
送受,制御,プロサイン	3	[AA]	All after	以降すべて	メッセージの指定点以降の繰り返しを依頼。	? AA で以降の部分を再送依頼。
送受,制御,プロサイン	3	[AB]	All before	以前すべて	メッセージの指定点以前の繰り返しを依頼。	? AB で以前の部分を再送依頼。
送受,制御,プロサイン	5	[AR]	End of message	本文終了	メッセージ本文の終わりを示すプロサイン。	電文の終わりに「AR」を送り、本文終了を示す。
送受,制御,プロサイン	5	[AS]	Wait / Stand by	しばらくお待ちください	相手に一時待機を求めるプロサイン。	調整中に「AS」と送り、少し待ってもらう。
送受,制御,プロサイン	4	[BK]	Break	ブレーク/割り込み	会話の区切りや短い割り込みを示すプロサイン。	短いやり取りで「BK」を送り、相手に送信を戻す。
送受,制御,プロサイン	4	[BN]	All between	間すべて	メッセージの2点間の繰り返しを依頼。	BN AA AB で間の部分を再送。
送受,制御,プロサイン	5	[BT]	Separator / Break between message parts	区切り	文や電文の区切りを示すプロサイン。	「NAME TARO BT QTH TOKYO」のように項目を区切る。
送受,制御,プロサイン	3	[CL]	Closing station	閉局します	運用を終了して局を閉じることを示すプロサイン。	最後に「73 SK CL」で閉局を伝える。
送受,制御,プロサイン	1	[CT]	Start of transmission	送信開始またはテスト信号	送信開始時にCTを送りテストや本開始を示す。	テスト送信「CT CT」で確認。
送受,制御,プロサイン	5	[HH]	Error / correction signal	訂正信号	送信ミスを取り消して訂正するためのプロサイン。	送信ミス後に「HH」を送り、正しい内容を打ち直す。
送受,制御,プロサイン	5	[OSO]	OSO prosign	OSOプロサイン	OSOを一続きの符号として送るプロサイン。	必要な手順信号として「OSO」を文字間隔なしで送る。
送受,制御,プロサイン	5	[SOS]	Distress signal	遭難信号	緊急時に用いる国際的な遭難信号。	遭難時に「SOS SOS SOS」と反復して送る。
確認,返答	3	[IMI]	Repeat; Say again	繰り返し/もう一度言って	特定の部分の繰り返しを依頼。	特定部分「IMI LAST WORD」で最後の単語再送依頼。
送受,制御,プロサイン	4	[QSK]	Can you operate break-in?	ブレイクイン可能ですか？	送受信の即時切り替えを尋ねる。	フルブレイクイン確認「QSK?」で即座送受切替可能か確認。
確認,返答,プロサイン	5	[RPT]	Repeat (again)	繰り返してください	繰り返しを依頼。	ノイズで「RPT QTH」で位置再送依頼。
送受,制御,プロサイン	4	[SK]	End of contact	交信終了	交信の完全な終了を示すプロサイン。	「TU 73 SK」で交信を終了する。
送受,制御,プロサイン	5	[VA]	End of work	通信終了/さようなら	通信の終了を示すプロサイン。	最終送信で「73 VA」と送り終了を示す。
挨拶,定型表現,プロサイン	5	[VVV]	General call or test call	一般呼び出し、またはテスト送信	テストや一般呼び。	テスト送信「VVV VVV DE JA1ABC」で信号確認。
設備,用語	4	ABT	About	約	およそ。	「ABT 20M」で20m帯約。
メッセージ処理	3	ADEE	Addressee	宛先	メッセージの受信者。	正式メッセージで「ADEE JA1ABC」。
設備,用語	2	ADR	Address	住所	住所詳細。	QSL用「ADR TOKYO」で住所。
設備,用語	2	ADS	Address	住所	住所略。	「ADS JP3XXX」でコール住所。
設備,用語	1	AF	Africa	アフリカ	大陸指定。	「AF DX」でアフリカ。
確認,返答	4	AGN	Again	もう一度	聞き取れなかった部分を再送依頼。	再送依頼「AGN RST PSE」でレポート再送要求。
設備,用語	1	ANI	Any	任意	任意。	「ANI FREQ」で任意周波数。
設備,用語	3	ANS	Answer	回答	返答。	質問に「ANS C」でYes。
設備,用語	4	ANT	Antenna	アンテナ	アンテナの種類を伝える。	アンテナ「ANT DIPOLE 20M」でアンテナ種類。
設備,用語	4	B4	Before	以前	以前。	「B4 QSO」で前交信。
設備,用語	3	BCI	Broadcast Interference	放送干渉	放送干渉。	「BCI TV」でTV妨害。
干渉関連	3	BCI	Broadcast interference	放送干渉	放送局からの干渉。	「BCI on TV」でTV干渉報告。
設備,用語	2	BCK	Back	戻る	戻る。	トピック「BCK QTH」で位置に戻る。
設備,用語	1	BCL	Broadcast Listener	放送聴取者	放送リスナー。	「BCL QRM」で干渉注意。
設備,用語	3	BCNU	Be seeing you	また会いましょう	別れ。	再会「BCNU 73 SK」でまた会いましょう。
設備,用語	1	BCSE	Because	なぜなら	理由。	「BCSE QRN」でノイズのため。
設備,用語	2	BD	Bad	悪い	悪い。	「BD COPY」で聞き取り悪い。
設備,用語	2	BN	Been	であった	過去。	「BN QSO」であった。
設備,用語	1	BTH	Both	両方	両方。	「BTH OK」で両方可。
設備,用語	2	BTR	Better	より良い	より良い。	「BTR RST」でレポート改善。
設備,用語	2	BTU	Back to you	お返事	返事。	返事「BTU OM」でお返事どうぞ。
設備,用語	3	BTW	By the way	ところで	ちなみに。	ちなみに「BTW WX FB」でところで天気良好。
設備,用語	1	BUG	Semi-Automatic Key	バグキー	半自動キー。	「BUG KEY」でキー種類。
設備,用語	3	BURO	Bureau	ビューロー	QSL局。	ビューロー「QSL VIA BURO」で局経由カード。
確認,返答	4	C	Yes; Correct	はい、正しい	肯定や正解の確認にCを使用。	肯定「QRL? C」でYes周波数使用中。
設備,用語	3	CBA	Call book address	コールブック住所	コールブック住所。	「CBA JP3XXX」で住所確認。
確認,返答	4	CFM	Confirm	確認します/確認してください	確認を求める際にCFM。	確認依頼「CFM MY QTH」で位置確認要求。
設備,用語	3	CK	Check	確認	確認。	「CK SIG」で信号確認。
設備,用語	1	CKT	Circuit	回路	回路。	「CKT ANT」でアンテナ回路。
設備,用語	1	CLD	Called	呼ばれた	呼ばれた。	「CLD CQ」で呼ばれた。
設備,用語	4	CLG	Calling	呼んでいる	呼んでいる。	「CLG DX」でDX呼び。
設備,用語	3	CLR	Clear	明瞭	明瞭。	「CLR COPY」でクリア受信。
設備,用語	1	CMG	Coming	来る	来る。	「CMG SKED」でスケジュール来る。
設備,用語	2	CNT	Can't or Cannot	できない	できない。	「CNT HRD」で聞こえない。
設備,用語	3	CONDX	Condition	状態	条件。	条件「CONDX POOR」でコンディション悪い。
設備,用語	1	CP	CP	特定の呼び出し	特定の呼び。	「CP JA1ABC」でコール。
設備,用語	4	CPI	Copy	受信/コピー	CPYと同様に受信できたことを表す略語。	「CPI OK」で問題なく受信できたことを伝える。
確認,返答	4	CPY	Copy	受信/コピー	相手の信号や内容を受信できたこと、または受信状態を表す略語。	「HW CPY?」で受信できているか尋ねる。
挨拶,定型表現	5	CQ	Calling any station	全局呼び出し(誰でも応答可)	任意局呼び出し。	一般呼出「CQ CQ CQ DE JA1ABC K」で任意局募集。
設備,用語	2	CRD	Card	カード	カード。	「CRD QSL」でカード。
設備,用語	1	CSE	Because	なぜなら	理由。	「CSE QRM」で干渉のため。
設備,用語	2	CUD	Could	?できますか？	可能性を尋ねる丁寧表現。	「CUD U MOVE UP 3 ?」で「3kHz上がってもらえませんか？」。
設備,用語	4	CUL	See you later	また後で	また後で。	再会「CUL 73」で後ほどまた。
設備,用語	1	CUZ	Because	なぜなら	理由。	「CUZ QRN」でノイズで。
設備,用語	4	CW	Continuous Wave	連続波	連続波。	CW運用「CW ONLY」でCW専用運用。
挨拶,定型表現	5	DE	From (identification)	こちらは…(局の識別)	自己識別。	局識別「W8ABC DE KB6NU」で送信元明示。
メッセージ処理	1	DLD	Delivered	配達済み	メッセージの配信確認。	「DLD OK」で配信完了。
設備,用語	1	DO	DO	ホレ	ここ。	「DO QTH」でここ位置。
設備,用語	2	DP	Dipole	ダイポール	ダイポール。	「DP ANT」でアンテナ。
挨拶,定型表現	3	DR	Dear	こんにちは、親愛なる	親しみを込めた挨拶。	親愛「DR OM FB QSO」で親しい呼びかけ。
設備,用語	1	DSW	Goodby	さようなら	さようなら。	「DSW GB」で別れ。
設備,用語	4	DX	Long distance	遠距離通信	遠距離交信を意味。	遠距離「DXCC 100 WKD」でDX達成。
設備,用語	4	ES	and	そして/および	英語のandに相当するCW略語。	「73 ES TU」で「よろしく、そしてありがとう」と伝える。
設備,用語	2	EU	Europe	ヨーロッパ	ヨーロッパ。	「EU DX」で欧州。
設備,用語	1	EYE	I	I	私。	「EYE OM」で私は男性。
設備,用語	5	EX	From; former	元/以前の	以前や元を表す略語。	「EX CALL」で以前のコールサインを示す。
設備,用語	5	EXZ	Except	除く	例外や除外を表す略語。	「ALL EXZ QRM」で混信を除く全てを示す。
設備,用語	4	FB	Fine business	素晴らしい/了解良好	よい状態や満足を表す定番CW略語。	「FB SIG」で信号が良好であることを伝える。
設備,用語	4	FER	for	…に対して/…をありがとう	英語のforに相当するCW略語。	「TNX FER CALL」で呼び出しへの感謝を伝える。
設備,用語	4	FIST	Unique characteristic of an operator's sending of CW	オペレーターの送信癖	個々の送信スタイルを指す。	送信技術「NICE FIST OM」で上手な送信。
設備,用語	2	FM	From	から	から。	「FM JA1ABC」でから。
挨拶,定型表現	3	FN	Fine, nice	元気です/よい	調子の良さを伝える。	調子良好「UR RST 599 FN」で良好伝達。
挨拶,定型表現	3	FN WX	Good weather	いい天気です	天気の良さを共有。	好天「FN WX TEMP 20C」で天気良好。
設備,用語	2	FREQ	Frequency	周波数	周波数。	周波数「FREQ 14000」で周波数指定。
設備,用語	2	FRM	From	から	から。	「FRM QTH」で位置から。
挨拶,定型表現	4	GA	Good afternoon or Go ahead	こんにちは/どうぞ	午後挨拶。もしくは送信許可。	午後の挨拶「GA FB SIG」で午後の応答。または「QRL? GA」で送信許可。
挨拶,定型表現	4	GB	Goodbye	さようなら	別れの挨拶。	別れ「GB 73 SK」でさようなら。
設備,用語	4	GD	Good or Good Day	良い一日を	良い日。	「GD MORN」でおはよう。
挨拶,定型表現	4	GE	Good evening	こんばんは	夕方の挨拶。	夜の挨拶「GE OM UR 599」で夕方交信開始。
設備,用語	1	GESS	Guess	推測	推測。	「GESS RST 599」で推測。
設備,用語	1	GG	Going	行く	行く。	「GG QRT」で終了行く。
挨拶,定型表現	4	GL	Good luck	幸運を祈る	コンテストや運用開始時の励まし。	コンテスト「GL IN CONTEST」で幸運を祈る。
設備,用語	2	GLD	Glad	嬉しい	嬉しい。	「GLD QSO」で交信嬉しい。
挨拶,定型表現	4	GM	Good morning	おはよう	朝の挨拶。	朝の挨拶「GM OM TNX CALL」で朝の交信開始。
挨拶,定型表現	4	GN	Good night	おやすみ	就寝前の挨拶。	就寝前「GN TU 73 SK」でおやすみの挨拶。
設備,用語	3	GND	Ground	グラウンド	グラウンド。	「GND CON」でグラウンド接続。
設備,用語	3	GP	Ground Plane	グランドプレーン	グランドプレーン。	「GP ANT」でアンテナ。
設備,用語	2	GS	Green Stamp	ドル札	ドル。	SASE「GS PSE」で切手。
設備,用語	4	GUD	Good	良い	goodを短く送るためのCW略語。	「GUD CPY」で良好に受信できていることを伝える。
設備,用語	1	GV	Give	与える	与える。	「GV RST」でレポート与える。
設備,用語	1	GVG	Giving	与えている	与えている。	「GVG INFO」で情報与え。
挨拶,定型表現	4	HI	Laugh (like "haha")	(笑)	笑いの表現。	笑い「FB WX HI HI」で冗談や笑い。
設備,用語	5	HR	Here; Hear	ここ/聞こえる	場所や受信を表す略語。	「HR QTH TOKYO」でこちらの場所を伝える。
挨拶,定型表現	4	HNY	Happy New Year	明けましておめでとう	新年の挨拶。	新年「HNY 73 OM」で明けましておめでとう。
設備,用語	4	HNY	A Happy New Year	明けましておめでとう	新年。	「HNY 73」でおめでとう。
設備,用語	4	HPE	Hope	希望	希望。	希望「HPE QSL」でカード希望。
設備,用語	1	HQ	Headquarters	本部	本部。	「HQ JARL」で本部。
設備,用語	3	HRD	Heard	聞いた	聞いた。	「HRD U」であなた聞いた。
設備,用語	1	HRS	Hours	時間	時間。	「HRS 2」で2時間。
設備,用語	4	HV	Have	持つ	持つ。	「HV QSL」でカード持つ。
設備,用語	1	HVG	Having	持っている	持っている。	「HVG ANT」でアンテナ持つ。
設備,用語	2	HVY	Heavy	重い	重い。	「HVY QRM」で干渉重い。
設備,用語	4	HW	How / How copy?	いかがですか？/受信状態は？	howの略。特に「HW CPY?」で受信状態を尋ねる。	「HW CPY?」でこちらの信号がどう聞こえるか尋ねる。
設備,用語	2	INFO	Information	情報	情報。	「INFO DX」でDX情報。
送受,制御	5	K	Go ahead (invite any station to transmit)	(送信を)どうぞ	通常の交信でメッセージ送信後、Kを送って任意の局に送信を許可。	通常交信後「DE JA1ABC K」で任意局に送信許可。
設備,用語	1	KLIX	Key Clicks	キークリック	キークリック。	「KLIX SORRY」でクリック謝罪。
送受,制御	4	KN	Go ahead (specific station only)	特定局どうぞ(他局送信禁止)	特定局との交信で、他局の割り込みを防ぎKNを送る。	特定局のみ「DE JA1ABC KN」で他局の割り込み防止。
設備,用語	4	LID	A poor operator	下手なオペレーター	下手オペ。	「LID HI」で自嘲。
設備,用語	1	LIL	Little	小さい	小さい。	「LIL PWR」で低出力。
設備,用語	2	LNG	Long	長い	長い。	「LNG PATH」で長経路。
設備,用語	3	LP	Long Path	長経路	長経路。	「LP DX」で長経路。
設備,用語	3	LSN	Listen	聞く	聞く。	「LSN PSE」で聞いて。
設備,用語	1	LTL	Little	小さい	小さい。	「LTL ANT」で小型アンテナ。
設備,用語	2	LTR	Letter or Later	手紙または後で	手紙後で。	「LTR BURO」で手紙局経由。
設備,用語	1	LV	Leave	去る	去る。	「LV QRT」で去る終了。
設備,用語	1	LVG	Leaving	去っている	去っている。	「LVG SOON」ですぐ去る。
設備,用語	3	LW	Long Wire or Long Wave	ロングワイヤー	ロングワイヤー。	「LW ANT」でアンテナ。
設備,用語	1	MA	Milliampers	ミリアンペア	ミリアンペア。	「MA 100」で電流。
設備,用語	3	MGR	Manager	マネージャー	マネージャー。	「MGR CLUB」でクラブマネージャー。
設備,用語	1	MI	My	私の	私の。	「MI QTH」で私の位置。
設備,用語	1	MICRO	micro computer	マイクロコンピューター	マイコン。	「MICRO LOG」でログ用。
設備,用語	1	MM	Maritime mobile	海上移動	海上移動。	「MM /SHIP」で船上。
設備,用語	3	MNI	many	多い	多い。	多数「MNI TNX」で多数感謝。
設備,用語	1	MOM	Moment	瞬間	瞬間。	「MOM PSE」で少し待って。
設備,用語	3	MSG	Message	メッセージ	メッセージ。	「MSG QTC」でメッセージ。
設備,用語	2	MTRS	meters	メートル	メートル。	「MTRS 20」で20m。
設備,用語	2	MULT	Multiplier	マルチプライヤー	マルチプライヤー。	コンテスト「MULT 50」で50。
設備,用語	4	N	No	いいえ	いいえ。	否定「QRM? N」でNo干渉なし。
確認,返答	4	YES	Yes	はい	肯定を表す略語。	質問への返答に「YES」で肯定する。
設備,用語	2	NA	North America	北米	北米。	「NA DX」で北米。
設備,用語	2	NCS	Net Control Station	ネットコントロール	ネットコントロール。	「NCS CQ」でネット開始。
設備,用語	1	ND	Nothing Doing	だめ	だめ。	「ND QSY」で変更不可。
設備,用語	5	NIL	Nothing	何もありません	無し。	「NIL QTC」でメッセージなし。
設備,用語	2	NITE	Night	夜	夜。	「NITE GN」で夜おやすみ。
メッセージ処理	3	NM	No more	以上なし	送信終了の意味。	「NM to send」でこれ以上なし。
設備,用語	4	NR	Number, Near	番号または近く	番号近く。	「NR 10」で10番。
設備,用語	4	NW	Now	今/現在	現在を意味。	現在「NW QRT」で今終了。
設備,用語	3	OB	Old boy	男性局員	男性オペレーターを親しみを込めて呼ぶ略語。	「FB OB TNX QSO」で男性局に感謝。
設備,用語	1	OC	Old Chum/Chap or Oceania	古い友人またはオセアニア	古い友人オセアニア。	「OC OM」で古友。
設備,用語	5	OK	Correct	正しい	正しい。	了承「OK TNX」で了解感謝。
設備,用語	4	OM	Old man	男性局員/親しい男性オペレーター	男性アマチュア無線家への親しみを込めた呼び方。	「FB OM TNX」で男性局に親しみを込めて感謝する。
設備,用語	4	OP	Operator	運用者/オペレーター	運用している人を表す略語。	「OP IS TARO」で運用者名を伝える。
設備,用語	4	OPR	Operator	運用者/オペレーター	OPと同じく運用者を表す略語。	「OPR JA1ABC」で運用者を示す。
設備,用語	2	OT	Old timer, Old Top	古株	古株。	「OT HI」でベテラン。
設備,用語	1	OW	Old Woman	老婦人	老婦人。	「OW XYL」で妻。
設備,用語	4	PSE	Please	お願いします	依頼を丁寧にするための定番CW略語。	「PSE QRS」でゆっくり送ってほしいと依頼する。
設備,用語	1	PSED	Pleased	喜ぶ	喜ぶ。	「PSED QSO」で喜ぶ。
設備,用語	4	PWR	Power	電力	電力。	出力「PWR 100W」で送信電力。
交信,状態,Q符号	5	QRA	The name of my station is ...	私の局名は…です	自局の局名・識別名を伝えるQ符号。	「QRA JA1ABC」で自局名を伝える。
交信,状態,Q符号,疑問	5	QRA?	What is the name of your station?	あなたの局名は何ですか？	相手の局名・識別名を尋ねるQ符号。	初回交信で「QRA?」と送り、相手局の名前や識別を確認する。
交信,状態,Q符号	3	QRH	Your frequency varies	あなたの周波数は変動しています	相手の周波数変動を指摘。	「QRH PSE CORRECT」で修正依頼。
交信,状態,Q符号,疑問	3	QRH?	Does my frequency vary?	私の周波数は変動していますか？	周波数の変動を尋ねる。	ドリフト疑い「QRH?」
交信,状態,Q符号	5	QRK	The intelligibility of your signals is ...	あなたの信号の了解度は…です	相手の信号の読み取りやすさを1-5で伝えるQ符号。	「QRK 5」で非常によく読めることを伝える。
交信,状態,Q符号,疑問	5	QRK?	What is the intelligibility of my signals?	私の信号の了解度はどの程度ですか？	信号の読み取りやすさを1-5で尋ねるQ符号。	「QRK?」で相手に了解度レポートを求める。
交信,状態,Q符号	4	QRL	I am busy / This frequency is busy	こちらは使用中です/この周波数は使用中です	周波数や自局が使用中であることを伝えるQ符号。	割り込みに対して「QRL SRI」で使用中を知らせる。
交信,状態,Q符号,疑問	4	QRL?	Are you busy?	この周波数は使用中ですか？	周波数が空いているか確認するためによく使うQ符号。	CQを出す前に「QRL?」と送って空き周波数か確認する。
交信,状態,Q符号	5	QRM	I am being interfered with	こちらは混信を受けています	人工的な混信を受けていることを伝えるQ符号。	「QRM HR PSE QSY」でこちらは混信があるので周波数変更を依頼する。
交信,状態,Q符号,疑問	5	QRM?	Is my transmission being interfered with?	私の送信は混信を受けていますか？	他局などによる人工的な混信の有無を尋ねるQ符号。	混信が疑われるとき「QRM?」で確認する。
交信,状態,Q符号	4	QRN	I am troubled by static	こちらは空電ノイズに悩まされています	自然雑音や空電の影響があることを伝えるQ符号。	「QRN HVY」で空電ノイズが強いことを伝える。
交信,状態,Q符号,疑問	4	QRN?	Are you troubled by static?	空電ノイズに悩まされていますか？	自然雑音や空電の影響を尋ねるQ符号。	悪天候時に「QRN?」で空電の影響を確認する。
出力,速度,Q符号	4	QRO	Increase power	出力を上げてください	出力増加を指示。	出力増加「QRO PSE」で強化依頼。
出力,速度,Q符号,疑問	4	QRO?	Shall I increase power?	出力を上げましょうか？	出力増加を提案。	弱信号時「QRO?」で出力増加を提案。
出力,速度,Q符号	4	QRP	Decrease power	出力を下げてください	出力減少を指示。	低出力運用「QRP 5W」で出力宣言。
出力,速度,Q符号,疑問	4	QRP?	Shall I decrease power?	出力を下げましょうか？	出力減少を提案。	強すぎ「QRP?」で出力減少を提案。
出力,速度,Q符号	4	QRQ	Send faster	もっと速く送ってください	速度向上を指示。	速度向上「QRQ 30WPM PSE」で指定速度依頼。
出力,速度,Q符号,疑問	4	QRQ?	Shall I send faster?	もっと速く送りましょうか？	送信速度向上を提案。	速度確認「QRQ?」で速度向上を提案。
出力,速度,Q符号	4	QRS	Send slower	もっとゆっくり送ってください	速度低下を指示。	ゆっくり送信「QRS PSE」で速度低下依頼。
出力,速度,Q符号,疑問	4	QRS?	Shall I send slower?	もっとゆっくり送りましょうか？	送信速度低下を提案。	聞き取り困難「QRS?」でゆっくり送信を提案。
交信,状態,Q符号	4	QRT	Stop sending	送信を止めてください	送信停止を指示。	送信停止「QRT NW」で即座終了。
交信,状態,Q符号,疑問	4	QRT?	Shall I stop sending?	送信を止めましょうか？	送信停止を提案。	終了確認「QRT?」で送信停止を確認。
交信,状態,Q符号	5	QRU	I have nothing for you	あなた宛の伝言はありません	相手宛の伝言や用件がないことを伝えるQ符号。	「QRU NIL」で伝言なしを伝えて交信を締める。
交信,状態,Q符号,疑問	5	QRU?	Have you anything for me?	私宛の伝言はありますか？	相手にこちら宛の伝言や用件があるか尋ねるQ符号。	ネット運用で「QRU?」と送り、伝言の有無を確認する。
交信,状態,Q符号	4	QRV	I am ready	私は準備できています	準備完了を伝える。	準備完了「QRV QSL」で運用開始。
交信,状態,Q符号,疑問	4	QRV?	Are you ready?	あなたは準備できていますか？	準備状況を確認。	スケジュール前「QRV?」で準備完了を確認。
交信,状態,Q符号	5	QRX	I will call you again at ...	…時に再び呼びます	再コールする時刻や待機を伝えるQ符号。	「QRX 2200Z」で2200 UTCに再び呼ぶことを伝える。
交信,状態,Q符号,疑問	5	QRX?	When will you call me again?	いつ再び呼んでくれますか？	再コールの時刻を尋ねるQ符号。	離席前に「QRX?」で次に呼ぶ時刻を確認する。
交信,状態,Q符号	5	QRZ	You are being called by ...	あなたは…に呼ばれています	誰が呼んでいるかを伝えるQ符号。	「QRZ JA1ABC」でJA1ABCが呼んでいることを伝える。
交信,状態,Q符号,疑問	5	QRZ?	Who is calling me?	誰が私を呼んでいますか？	呼び出している局を尋ねるQ符号。	パイルアップや混信中に「QRZ?」で呼出局を確認する。
交信,状態,Q符号	4	QSB	Your signal is fading	あなたの信号は変動しています	相手のフェーディングを報告。	フェージング「QSB BAD PSE SLOWER」で速度調整依頼。
交信,状態,Q符号,疑問	5	QSA?	What is the strength of my signals?	私の信号強度はどの程度ですか？	信号の強さを1-5で尋ねるQ符号。	「QSA?」で相手に信号強度を尋ねる。
交信,状態,Q符号	5	QSA	The strength of your signals is ...	あなたの信号強度は…です	相手の信号強度を1-5で伝えるQ符号。	「QSA 5」で非常に強い信号であることを伝える。
交信,状態,Q符号,疑問	4	QSB?	Is my signal fading?	私の信号は変動していますか？	信号のフェーディングを尋ねる。	変動時「QSB?」でフェージング確認。
確認,返答	5	QSL	I acknowledge receipt	受信しました/了解しました	受信確認を表すQ符号。文脈によりQSLカードの確認も意味する。	「QSL TU」で受信了解と感謝を伝える。
確認,返答,疑問	5	QSL?	Can you acknowledge receipt?	受信確認できますか？	受信確認や了解を求めるQ符号。QSLカードの確認にも使われる。	「QSL?」で直前の送信内容を了解したか確認する。
通信,Q符号	4	QSO	I can communicate with ...	…と交信できます/交信	交信そのもの、または特定局と交信可能であることを表すQ符号。	「TNX FB QSO」でよい交信への感謝を伝える。
通信,Q符号,疑問	4	QSO?	Can you communicate with ...?	…と交信できますか？	特定局と交信できるか尋ねるQ符号。	「QSO JA1ABC?」でJA1ABCと交信可能か尋ねる。
通信,Q符号	3	QSP	I will relay to ...	…へ中継します	中継承諾。	中継承諾「QSP WIL」で引き受ける。
通信,Q符号,疑問	3	QSP?	Will you relay to ...?	…へ中継してもらえますか？	中継依頼。	中継依頼「QSP JA1ABC?」で伝言中継を依頼。
周波数,通信,Q符号	3	QSU	Send on this frequency	この周波数で送信してください	この周波数使用を指示。	「QSU PSE」で確認。
周波数,通信,Q符号,疑問	3	QSU?	Shall I send on this frequency?	この周波数で送信しましょうか？	この周波数使用を提案。	「QSU 7070?」
周波数,通信,Q符号	3	QSX	I am listening to ... on ... kHz	…を…kHzで受信しています	特定周波数受信を伝える。	「QSX 14200 CW」で待機。
周波数,通信,Q符号,疑問	5	QSW?	Will you send on this frequency?	この周波数で送信しますか？	相手がこの周波数で送信するか尋ねるQ符号。	「QSW?」で送信予定の周波数を確認する。
周波数,通信,Q符号	5	QSW	I am going to send on this frequency	この周波数で送信します	この周波数で送信する予定を伝えるQ符号。	「QSW 7.030」で7.030MHzで送信することを示す。
周波数,通信,Q符号,疑問	3	QSX?	Will you listen to ... on ... kHz?	…を…kHzで受信しますか？	特定周波数受信を尋ねる。	「QSX 14200 7.000?」
周波数,通信,Q符号	5	QSY	Change frequency	周波数を変更してください	別の周波数へ移ることを指示・提案するQ符号。	「QSY UP 5」で5kHz上へ移動する。
周波数,通信,Q符号,疑問	5	QSY?	Shall I change frequency?	周波数を変えましょうか？	周波数を変更するか尋ねるQ符号。	混信時に「QSY?」で移動を提案する。
通信,Q符号	3	QTC	I have ... messages to send	…通の電報があります	メッセージ数を伝える。	メッセージ数「QTC 3」で3通送信。
通信,Q符号,疑問	3	QTC?	How many messages have you to send?	送る電報は何通ありますか？	送信メッセージ数を尋ねる。	トラフィック「QTC?」で送信メッセージ数確認。
通信,Q符号	5	QTH	My location is ...	私の所在地は…です	自局の所在地や運用場所を伝えるQ符号。	「QTH TOKYO」で所在地が東京であることを伝える。
通信,Q符号,疑問	5	QTH?	What is your location?	あなたの所在地はどこですか？	相手の所在地や運用場所を尋ねるQ符号。	「QTH?」で相手の所在地を尋ねる。
確認,返答	5	R	All received OK	了解(100%聞き取れた)	受信確認の略。	完全受信「R TU 73」で100%了解確認。
RST,詳細	3	R1	Unreadable	了解不能	受信不能。	ノイズで「R1」で不可。
RST,詳細	3	R2	Barely readable, occasional words distinguishable	ほとんど了解できない(時々単語が分かる)	ほとんど不可。	時々単語「R2」で部分。
RST,詳細	3	R3	Readable with considerable difficulty	かなり困難だが了解可能	苦労受信。	努力で「R3」可能。
RST,詳細	4	R4	Readable with practically no difficulty	ほとんど問題なく了解可能	容易受信。	ほぼ問題なし「R4」。
RST,詳細	4	R5	Perfectly readable	完全に了解できる	完全受信。	完全了解「UR R5 S9 T9」で最高評価。
設備,用語	3	RC	Ragchew	雑談	雑談。	「RC RAG」で雑談。
設備,用語	4	RCD	Received	受信	受信。	「RCD QSL」で受信。
設備,用語	4	RCVD	Received	受信	受信。	「RCVD ALL」で全受信。
設備,用語	4	RCVR	Receiver	受信機	受信機。	「RCVR FT-817」で機種。
設備,用語	3	REPT	Report	レポート	レポート。	「REPT RST」でレポート。
干渉関連	3	RFI	Radio frequency interference	無線周波干渉	RF源からの干渉。	「RFI bad PSE QSY」で周波変更依頼。
設備,用語	4	RIG	Radio equipment	無線機	使用機材を説明。	機材紹介「RIG IC-7300 PWR 100W」で使用機材。
設備,用語	1	RNG	Running	走行中	走行中。	移動「RNG MOBILE」で走行。
RST	4	RST	Readability, Strength, Tone	了解度・信号強度・音調のレポート	CWで信号品質を3桁で表す標準的なレポート形式。	「UR RST 579」で了解度5、強度7、音調9を伝える。
RST	3	RST 339	Readable with difficulty, weak, pure tone	聞き取り困難、弱く、音質良好	難受信例。	弱信号「QRN HVY UR RST 339」で困難だが了解可能。
RST	4	RST 599	Readability 5, Strength 9, Tone 9	了解度5・強度9・音調9	非常に良好なCW信号を表す代表的なRSTレポート。	「UR RST 599」で完全に読めて強力かつ良好な音調と伝える。
RST	4	RST 5NN	Abbreviated RST 599	RST 599の略記	コンテストなどで9をNに短縮して送るRST 599の略記。	コンテストで「5NN TU」と送り、599と同じ意味で素早くレポートする。
設備,用語	3	RTTY	Radio Teletype	ラジオテレタイプ	ラジオテレタイプ。	「RTTY MODE」でモード。
設備,用語	4	RX	Receiver	受信機	受信機。	受信機「RX NOW」で受信待機。
RST,詳細	3	S1	Faint signals, barely perceptible	かすかに感じる程度	微弱信号。	かろうじて「S1」で弱。
RST,詳細	4	S5	Fairly good signals	かなり良好	良好信号。	そこそこ「S5」で良い。
RST,詳細	4	S9	Extremely strong signals	非常に強い	極強信号。	極強信号「UR SIG S9 FB」で非常に強い。
設備,用語	1	SA	Say	Sayまたは南米	言う南米。	「SA QTH」で言う位置。
設備,用語	2	SASE	Self Addressed and Stamped Envelope	返信用封筒	返信用封筒。	「SASE PSE」で依頼。
設備,用語	2	SED	Said	言った	言った。	「SED QRA」で言った名前。
設備,用語	1	SHUD	Should	すべき	すべき。	「SHUD QSY」で変更すべき。
設備,用語	4	SIG	Signal(s)	信号	信号。	「SIG 599」で信号。
設備,用語	4	SKED	Schedule	スケジュール	スケジュール。	スケジュール「SKED 1400Z」で約束時刻。
設備,用語	3	SN	Soon	すぐに	間もなく。	「SN BK」ですぐ交代。
設備,用語	2	SND	Sound	音	音。	「SND GOOD」で音良い。
設備,用語	3	SP	Short Path	短経路	短経路。	「SP DX」で短経路。
設備,用語	4	SRI	Sorry	すみません/ごめんなさい	sorryを短く送るための定番CW略語。	「SRI QRM」で混信について謝る。
設備,用語	1	SS	Sweepstakes	スイープステークス	スイープステークス。	「SS CONTEST」でコンテスト。
設備,用語	2	STEDI	Steady	安定	安定。	「STEDI SIG」で安定信号。
設備,用語	3	STN	Station	局	局。	「STN JA1ABC」で局。
設備,用語	2	SU	See You	また会おう	また会おう。	「SU CUL」でまた。
設備,用語	1	SUM	Some	いくつか	いくつか。	「SUM QTC」でいくつか。
設備,用語	2	SVC	Service	サービス	サービス。	「SVC NET」でサービス。
設備,用語	3	SWL	Short Wave Listener	短波リスナー	短波リスナー。	「SWL HRD」でリスナー。
設備,用語	1	T	Zero	ゼロ	ゼロ。	「T RST」で0レポート。
RST,詳細	3	T1	Extremely rough, very harsh note	極めて粗く耳障り	粗悪音。	耳障り「T1」で悪い。
RST,詳細	4	T5	Fairly pure tone	かなり純粋な音	やや純音。	まあまあ「T5」で良い。
RST,詳細	4	T9	Extremely pure tone, crystal clear	非常に純粋で澄んだ音	澄んだ音。	澄んだ音「UR T9 XTAL」で完璧な音質。
設備,用語	4	TEMP	Temperature	温度	温度。	「TEMP 20C」で温度。
設備,用語	3	TFC	Traffic	トラフィック	トラフィック。	「TFC 5」で5通。
設備,用語	3	TMW	Tomorrow	明日	明日。	「TMW 0800」で明日朝。
設備,用語	4	TNX	Thanks	ありがとう	thanksを短く送るための定番CW略語。	「TNX FER QSO」で交信への感謝を伝える。
設備,用語	4	TKS	Thanks	ありがとう	TNXと同じくthanksを表すCW略語。	「TKS FER CALL」で呼び出しへの感謝を伝える。
設備,用語	2	TRBL	Trouble	トラブル	トラブル。	「TRBL ANT」でアンテナ問題。
設備,用語	1	TRE	There	そこ	そこ。	「TRE QTH」でそこ位置。
設備,用語	1	TRIX	Tricks	トリック	トリック。	「TRIX HI」でトリック笑い。
設備,用語	3	TRX	Transceiver	トランシーバー	トランシーバー。	「TRX IC-7610」で機種。
設備,用語	1	TT	That	それ	それ。	「TT QSL」でそれ確認。
設備,用語	1	TTS	That is	つまり	つまり。	「TTS DX」でつまりDX。
確認,返答	5	TU	Thank you	ありがとう	thank youを短く送るための定番CW略語。	「TU 73」で感謝して交信を締める。
設備,用語	2	TVI	Television Interference	テレビ干渉	テレビ干渉。	「TVI BAD」でTV妨害。
設備,用語	4	TX	Transmitter	送信機	送信機。	送信機「TX NOW」で送信開始。
設備,用語	1	TXT	Text	テキスト	テキスト。	「TXT MSG」でテキスト。
設備,用語	4	U	You	あなた	あなた。	「U OM」であなた男性。
設備,用語	4	UFB	Ultra Fine Business	大変素晴らしい	大変素晴らしい。	大変素晴らしい「UFB SIG OM」で大変良い信号。
設備,用語	4	UR	Your / You are	あなたの/あなたは	yourまたはyou areを表すCW略語。	「UR RST 599」であなたの信号は599と伝える。
設備,用語	1	URS	Yours	あなたの	あなたの。	「URS QTH」であなたの位置。
設備,用語	3	VERT	Vertical Antenna	垂直アンテナ	垂直アンテナ。	「VERT GP」で垂直。
設備,用語	3	VFB	Very Fine Business	とても素晴らしい	とても素晴らしい。	とても良い「VFB QSO OM」でとても素晴らしい交信。
設備,用語	3	VFO	V.F.O.	可変周波発振器	可変周波発振器。	「VFO A」でVFO選択。
設備,用語	4	VY	Very	とても	強調。	強調「VY FB OM TNX」でとても良い。
設備,用語	1	WID	With	と一緒に	と一緒に。	「WID OM」で一緒に。
設備,用語	4	WKD	Worked	交信した	交信した。	交信済み「WKD JA1ABC B4」で以前交信。
設備,用語	4	WKG	Working	交信中	交信中。	「WKG DX」でDX中。
設備,用語	1	WL	Will 、 Well	する、では	するでは。	「WL TRY」でするよ。
設備,用語	3	WPM	Words Per Minute	毎分語数	毎分語数。	「WPM 20」で速度。
設備,用語	2	WRK	Work	仕事	仕事。	「WRK QSL」でQSL仕事。
設備,用語	1	WTS	watts	ワット	ワット。	「WTS 100」で100W。
設備,用語	1	WUD	Would	するだろう	するだろう。	「WUD QSY」で変更するよ。
設備,用語	2	WW	World Wide	世界規模	世界規模。	「WW CQ」で世界呼び。
設備,用語	4	WX	Weather	天気	天候を表す定番のCW略語。	「WX FINE」で天気がよいことを伝える。
設備,用語	3	XCVR	Transceiver	トランシーバー	トランシーバー。	「XCVR FTDX」で機種。
設備,用語	3	XMAS	Christmas	クリスマス	クリスマス。	「XMAS HNY」でクリスマス。
設備,用語	4	XMTR	Transmitter	送信機	送信機。	「XMTR PWR」で送信機電力。
設備,用語	4	XTAL	Crystal	水晶	水晶。	「XTAL FREQ」で水晶周波数。
設備,用語	4	XYL	Wife (ex-young lady)	妻(既婚女性局員)	妻を指す。	妻「161 XYL」で妻によろしく。
設備,用語	1	YF	Wife	妻	妻。	「YF XYL」で妻。
設備,用語	4	YL	Young lady	女性局員	女性オペレーター。	女性局「YL 73」で女性オペレーター。
設備,用語	2	YTD	Yesterday	昨日	昨日。	「YTD QSO」で昨日交信。
設備,用語	3	Z	Zulu	世界標準時	世界標準時。	「Z 0000」でUTC。
